"False","2","suscipit repellat esse quibusdam voluptatem incidunt","Ervin Howell"
"True","2","distinctio vitae autem nihil ut molestias quo","Ervin Howell"
"False","2","et itaque necessitatibus maxime molestiae qui quas velit","Ervin Howell"
"False","2","adipisci non ad dicta qui amet quaerat doloribus ea","Ervin Howell"
"True","2","voluptas quo tenetur perspiciatis explicabo natus","Ervin Howell"
"True","2","aliquam aut quasi","Ervin Howell"
"True","2","Ervin Howell","veritatis pariatur delectus"
"False","2","nesciunt totam sit blanditiis sit","Ervin Howell"
"False","2","laborum aut in quam","Ervin Howell"
"True","2","nemo perspiciatis repellat ut dolor libero commodi blanditiis omnis","Ervin Howell"
"False","2","repudiandae totam in est sint facere fuga","Ervin Howell"
"False","2","earum doloribus ea doloremque quis","Ervin Howell"
"False","2","sint sit aut vero","Ervin Howell"
"False","2","Ervin Howell","porro aut necessitatibus eaque distinctio"
"True","2","repellendus veritatis molestias dicta incidunt","Ervin Howell"
"True","2","excepturi deleniti adipisci voluptatem et neque optio illum ad","Ervin Howell"
"False","2","sunt cum tempora","Ervin Howell"
"False","totam quia non","2","Ervin Howell"
"False","2","Ervin Howell","doloremque quibusdam asperiores libero corrupti illum qui omnis"
"totam atque quo nesciunt","True","2","Ervin Howell"
